{"min": [-0.658327, -0.489804, -0.877759], "max": [0.64576, 0.679751, 0.976133]}