{"min": [-0.573532, -0.332655, -0.545496], "max": [0.981951, 0.414783, 0.779774]}