{"min": [-0.698397, -0.372883, -1.027583], "max": [0.67682, 0.525966, 0.841121]}