{"min": [-0.674823, -0.492248, -0.845368], "max": [0.650939, 0.514767, 1.021113]}