{"min": [-0.582355, -0.387539, -0.921995], "max": [0.611551, 0.552662, 0.998404]}